,timestamp,customer_id,location
0,07:03:00,0,entrance
1,07:03:00,1,entrance
2,07:04:00,0,drinks
3,07:04:00,1,drinks
4,07:05:00,0,fruit
5,07:05:00,1,drinks
6,07:05:00,2,entrance
7,07:06:00,0,fruit
8,07:06:00,1,fruit
9,07:06:00,2,dairy
10,07:06:00,3,entrance
11,07:06:00,4,entrance
12,07:07:00,0,checkout
13,07:07:00,1,fruit
14,07:07:00,2,dairy
15,07:07:00,3,fruit
16,07:07:00,4,spices
17,07:07:00,5,entrance
18,07:08:00,0,checkout
19,07:08:00,1,checkout
20,07:08:00,2,checkout
21,07:08:00,3,fruit
22,07:08:00,4,drinks
23,07:08:00,5,spices
24,07:08:00,6,entrance
25,07:08:00,7,entrance
26,07:09:00,0,checkout
27,07:09:00,1,checkout
28,07:09:00,2,checkout
29,07:09:00,3,fruit
30,07:09:00,4,checkout
31,07:09:00,5,drinks
32,07:09:00,6,spices
33,07:09:00,7,fruit
34,07:10:00,0,checkout
35,07:10:00,1,checkout
36,07:10:00,2,checkout
37,07:10:00,3,checkout
38,07:10:00,4,checkout
39,07:10:00,5,checkout
40,07:10:00,6,spices
41,07:10:00,7,fruit
42,07:10:00,8,entrance
43,07:11:00,0,checkout
44,07:11:00,1,checkout
45,07:11:00,2,checkout
46,07:11:00,3,checkout
47,07:11:00,4,checkout
48,07:11:00,5,checkout
49,07:11:00,6,fruit
50,07:11:00,7,drinks
51,07:11:00,8,fruit
52,07:11:00,9,entrance
53,07:12:00,0,checkout
54,07:12:00,1,checkout
55,07:12:00,2,checkout
56,07:12:00,3,checkout
57,07:12:00,4,checkout
58,07:12:00,5,checkout
59,07:12:00,6,fruit
60,07:12:00,7,checkout
61,07:12:00,8,fruit
62,07:12:00,9,dairy
63,07:12:00,10,entrance
64,07:13:00,0,checkout
65,07:13:00,1,checkout
66,07:13:00,2,checkout
67,07:13:00,3,checkout
68,07:13:00,4,checkout
69,07:13:00,5,checkout
70,07:13:00,6,fruit
71,07:13:00,7,checkout
72,07:13:00,8,fruit
73,07:13:00,9,dairy
74,07:13:00,10,spices
75,07:14:00,0,checkout
76,07:14:00,1,checkout
77,07:14:00,2,checkout
78,07:14:00,3,checkout
79,07:14:00,4,checkout
80,07:14:00,5,checkout
81,07:14:00,6,fruit
82,07:14:00,7,checkout
83,07:14:00,8,checkout
84,07:14:00,9,fruit
85,07:14:00,10,spices
86,07:15:00,0,checkout
87,07:15:00,1,checkout
88,07:15:00,2,checkout
89,07:15:00,3,checkout
90,07:15:00,4,checkout
91,07:15:00,5,checkout
92,07:15:00,6,fruit
93,07:15:00,7,checkout
94,07:15:00,8,checkout
95,07:15:00,9,fruit
96,07:15:00,10,drinks
97,07:15:00,11,entrance
98,07:16:00,0,checkout
99,07:16:00,1,checkout
100,07:16:00,2,checkout
101,07:16:00,3,checkout
102,07:16:00,4,checkout
103,07:16:00,5,checkout
104,07:16:00,6,fruit
105,07:16:00,7,checkout
106,07:16:00,8,checkout
107,07:16:00,9,fruit
108,07:16:00,10,drinks
109,07:16:00,11,fruit
110,07:17:00,0,checkout
111,07:17:00,1,checkout
112,07:17:00,2,checkout
113,07:17:00,3,checkout
114,07:17:00,4,checkout
115,07:17:00,5,checkout
116,07:17:00,6,fruit
117,07:17:00,7,checkout
118,07:17:00,8,checkout
119,07:17:00,9,checkout
120,07:17:00,10,drinks
121,07:17:00,11,fruit
122,07:17:00,12,entrance
123,07:17:00,13,entrance
124,07:18:00,0,checkout
125,07:18:00,1,checkout
126,07:18:00,2,checkout
127,07:18:00,3,checkout
128,07:18:00,4,checkout
129,07:18:00,5,checkout
130,07:18:00,6,dairy
131,07:18:00,7,checkout
132,07:18:00,8,checkout
133,07:18:00,9,checkout
134,07:18:00,10,drinks
135,07:18:00,11,spices
136,07:18:00,12,drinks
137,07:18:00,13,drinks
138,07:18:00,14,entrance
139,07:18:00,15,entrance
140,07:19:00,0,checkout
141,07:19:00,1,checkout
142,07:19:00,2,checkout
143,07:19:00,3,checkout
144,07:19:00,4,checkout
145,07:19:00,5,checkout
146,07:19:00,6,dairy
147,07:19:00,7,checkout
148,07:19:00,8,checkout
149,07:19:00,9,checkout
150,07:19:00,10,drinks
151,07:19:00,11,dairy
152,07:19:00,12,drinks
153,07:19:00,13,drinks
154,07:19:00,14,fruit
155,07:19:00,15,fruit
156,07:20:00,0,checkout
157,07:20:00,1,checkout
158,07:20:00,2,checkout
159,07:20:00,3,checkout
160,07:20:00,4,checkout
161,07:20:00,5,checkout
162,07:20:00,6,spices
163,07:20:00,7,checkout
164,07:20:00,8,checkout
165,07:20:00,9,checkout
166,07:20:00,10,checkout
167,07:20:00,11,fruit
168,07:20:00,12,drinks
169,07:20:00,13,fruit
170,07:20:00,14,fruit
171,07:20:00,15,checkout
172,07:20:00,16,entrance
173,07:21:00,0,checkout
174,07:21:00,1,checkout
175,07:21:00,2,checkout
176,07:21:00,3,checkout
177,07:21:00,4,checkout
178,07:21:00,5,checkout
179,07:21:00,6,dairy
180,07:21:00,7,checkout
181,07:21:00,8,checkout
182,07:21:00,9,checkout
183,07:21:00,10,checkout
184,07:21:00,11,dairy
185,07:21:00,12,drinks
186,07:21:00,13,fruit
187,07:21:00,14,fruit
188,07:21:00,15,checkout
189,07:21:00,16,dairy
190,07:22:00,0,checkout
191,07:22:00,1,checkout
192,07:22:00,2,checkout
193,07:22:00,3,checkout
194,07:22:00,4,checkout
195,07:22:00,5,checkout
196,07:22:00,6,dairy
197,07:22:00,7,checkout
198,07:22:00,8,checkout
199,07:22:00,9,checkout
200,07:22:00,10,checkout
201,07:22:00,11,dairy
202,07:22:00,12,checkout
203,07:22:00,13,checkout
204,07:22:00,14,fruit
205,07:22:00,15,checkout
206,07:22:00,16,dairy
207,07:23:00,0,checkout
208,07:23:00,1,checkout
209,07:23:00,2,checkout
210,07:23:00,3,checkout
211,07:23:00,4,checkout
212,07:23:00,5,checkout
213,07:23:00,6,dairy
214,07:23:00,7,checkout
215,07:23:00,8,checkout
216,07:23:00,9,checkout
217,07:23:00,10,checkout
218,07:23:00,11,fruit
219,07:23:00,12,checkout
220,07:23:00,13,checkout
221,07:23:00,14,checkout
222,07:23:00,15,checkout
223,07:23:00,16,dairy
224,07:23:00,17,entrance
225,07:24:00,0,checkout
226,07:24:00,1,checkout
227,07:24:00,2,checkout
228,07:24:00,3,checkout
229,07:24:00,4,checkout
230,07:24:00,5,checkout
231,07:24:00,6,dairy
232,07:24:00,7,checkout
233,07:24:00,8,checkout
234,07:24:00,9,checkout
235,07:24:00,10,checkout
236,07:24:00,11,checkout
237,07:24:00,12,checkout
238,07:24:00,13,checkout
239,07:24:00,14,checkout
240,07:24:00,15,checkout
241,07:24:00,16,dairy
242,07:24:00,17,fruit
243,07:25:00,0,checkout
244,07:25:00,1,checkout
245,07:25:00,2,checkout
246,07:25:00,3,checkout
247,07:25:00,4,checkout
248,07:25:00,5,checkout
249,07:25:00,6,dairy
250,07:25:00,7,checkout
251,07:25:00,8,checkout
252,07:25:00,9,checkout
253,07:25:00,10,checkout
254,07:25:00,11,checkout
255,07:25:00,12,checkout
256,07:25:00,13,checkout
257,07:25:00,14,checkout
258,07:25:00,15,checkout
259,07:25:00,16,checkout
260,07:25:00,17,fruit
261,07:25:00,18,entrance
262,07:25:00,19,entrance
263,07:25:00,20,entrance
264,07:26:00,0,checkout
265,07:26:00,1,checkout
266,07:26:00,2,checkout
267,07:26:00,3,checkout
268,07:26:00,4,checkout
269,07:26:00,5,checkout
270,07:26:00,6,fruit
271,07:26:00,7,checkout
272,07:26:00,8,checkout
273,07:26:00,9,checkout
274,07:26:00,10,checkout
275,07:26:00,11,checkout
276,07:26:00,12,checkout
277,07:26:00,13,checkout
278,07:26:00,14,checkout
279,07:26:00,15,checkout
280,07:26:00,16,checkout
281,07:26:00,17,fruit
282,07:26:00,18,fruit
283,07:26:00,19,fruit
284,07:26:00,20,spices
285,07:27:00,0,checkout
286,07:27:00,1,checkout
287,07:27:00,2,checkout
288,07:27:00,3,checkout
289,07:27:00,4,checkout
290,07:27:00,5,checkout
291,07:27:00,6,checkout
292,07:27:00,7,checkout
293,07:27:00,8,checkout
294,07:27:00,9,checkout
295,07:27:00,10,checkout
296,07:27:00,11,checkout
297,07:27:00,12,checkout
298,07:27:00,13,checkout
299,07:27:00,14,checkout
300,07:27:00,15,checkout
301,07:27:00,16,checkout
302,07:27:00,17,checkout
303,07:27:00,18,fruit
304,07:27:00,19,dairy
305,07:27:00,20,spices
306,07:27:00,21,entrance
307,07:28:00,0,checkout
308,07:28:00,1,checkout
309,07:28:00,2,checkout
310,07:28:00,3,checkout
311,07:28:00,4,checkout
312,07:28:00,5,checkout
313,07:28:00,6,checkout
314,07:28:00,7,checkout
315,07:28:00,8,checkout
316,07:28:00,9,checkout
317,07:28:00,10,checkout
318,07:28:00,11,checkout
319,07:28:00,12,checkout
320,07:28:00,13,checkout
321,07:28:00,14,checkout
322,07:28:00,15,checkout
323,07:28:00,16,checkout
324,07:28:00,17,checkout
325,07:28:00,18,checkout
326,07:28:00,19,dairy
327,07:28:00,20,checkout
328,07:28:00,21,dairy
329,07:29:00,0,checkout
330,07:29:00,1,checkout
331,07:29:00,2,checkout
332,07:29:00,3,checkout
333,07:29:00,4,checkout
334,07:29:00,5,checkout
335,07:29:00,6,checkout
336,07:29:00,7,checkout
337,07:29:00,8,checkout
338,07:29:00,9,checkout
339,07:29:00,10,checkout
340,07:29:00,11,checkout
341,07:29:00,12,checkout
342,07:29:00,13,checkout
343,07:29:00,14,checkout
344,07:29:00,15,checkout
345,07:29:00,16,checkout
346,07:29:00,17,checkout
347,07:29:00,18,checkout
348,07:29:00,19,dairy
349,07:29:00,20,checkout
350,07:29:00,21,dairy
351,07:30:00,0,checkout
352,07:30:00,1,checkout
353,07:30:00,2,checkout
354,07:30:00,3,checkout
355,07:30:00,4,checkout
356,07:30:00,5,checkout
357,07:30:00,6,checkout
358,07:30:00,7,checkout
359,07:30:00,8,checkout
360,07:30:00,9,checkout
361,07:30:00,10,checkout
362,07:30:00,11,checkout
363,07:30:00,12,checkout
364,07:30:00,13,checkout
365,07:30:00,14,checkout
366,07:30:00,15,checkout
367,07:30:00,16,checkout
368,07:30:00,17,checkout
369,07:30:00,18,checkout
370,07:30:00,19,dairy
371,07:30:00,20,checkout
372,07:30:00,21,dairy
373,07:31:00,0,checkout
374,07:31:00,1,checkout
375,07:31:00,2,checkout
376,07:31:00,3,checkout
377,07:31:00,4,checkout
378,07:31:00,5,checkout
379,07:31:00,6,checkout
380,07:31:00,7,checkout
381,07:31:00,8,checkout
382,07:31:00,9,checkout
383,07:31:00,10,checkout
384,07:31:00,11,checkout
385,07:31:00,12,checkout
386,07:31:00,13,checkout
387,07:31:00,14,checkout
388,07:31:00,15,checkout
389,07:31:00,16,checkout
390,07:31:00,17,checkout
391,07:31:00,18,checkout
392,07:31:00,19,dairy
393,07:31:00,20,checkout
394,07:31:00,21,dairy
395,07:32:00,0,checkout
396,07:32:00,1,checkout
397,07:32:00,2,checkout
398,07:32:00,3,checkout
399,07:32:00,4,checkout
400,07:32:00,5,checkout
401,07:32:00,6,checkout
402,07:32:00,7,checkout
403,07:32:00,8,checkout
404,07:32:00,9,checkout
405,07:32:00,10,checkout
406,07:32:00,11,checkout
407,07:32:00,12,checkout
408,07:32:00,13,checkout
409,07:32:00,14,checkout
410,07:32:00,15,checkout
411,07:32:00,16,checkout
412,07:32:00,17,checkout
413,07:32:00,18,checkout
414,07:32:00,19,dairy
415,07:32:00,20,checkout
416,07:32:00,21,dairy
417,07:33:00,0,checkout
418,07:33:00,1,checkout
419,07:33:00,2,checkout
420,07:33:00,3,checkout
421,07:33:00,4,checkout
422,07:33:00,5,checkout
423,07:33:00,6,checkout
424,07:33:00,7,checkout
425,07:33:00,8,checkout
426,07:33:00,9,checkout
427,07:33:00,10,checkout
428,07:33:00,11,checkout
429,07:33:00,12,checkout
430,07:33:00,13,checkout
431,07:33:00,14,checkout
432,07:33:00,15,checkout
433,07:33:00,16,checkout
434,07:33:00,17,checkout
435,07:33:00,18,checkout
436,07:33:00,19,dairy
437,07:33:00,20,checkout
438,07:33:00,21,drinks
439,07:33:00,22,entrance
440,07:33:00,23,entrance
441,07:33:00,24,entrance
442,07:34:00,0,checkout
443,07:34:00,1,checkout
444,07:34:00,2,checkout
445,07:34:00,3,checkout
446,07:34:00,4,checkout
447,07:34:00,5,checkout
448,07:34:00,6,checkout
449,07:34:00,7,checkout
450,07:34:00,8,checkout
451,07:34:00,9,checkout
452,07:34:00,10,checkout
453,07:34:00,11,checkout
454,07:34:00,12,checkout
455,07:34:00,13,checkout
456,07:34:00,14,checkout
457,07:34:00,15,checkout
458,07:34:00,16,checkout
459,07:34:00,17,checkout
460,07:34:00,18,checkout
461,07:34:00,19,dairy
462,07:34:00,20,checkout
463,07:34:00,21,drinks
464,07:34:00,22,drinks
465,07:34:00,23,fruit
466,07:34:00,24,fruit
467,07:34:00,25,entrance
468,07:34:00,26,entrance
469,07:35:00,0,checkout
470,07:35:00,1,checkout
471,07:35:00,2,checkout
472,07:35:00,3,checkout
473,07:35:00,4,checkout
474,07:35:00,5,checkout
475,07:35:00,6,checkout
476,07:35:00,7,checkout
477,07:35:00,8,checkout
478,07:35:00,9,checkout
479,07:35:00,10,checkout
480,07:35:00,11,checkout
481,07:35:00,12,checkout
482,07:35:00,13,checkout
483,07:35:00,14,checkout
484,07:35:00,15,checkout
485,07:35:00,16,checkout
486,07:35:00,17,checkout
487,07:35:00,18,checkout
488,07:35:00,19,dairy
489,07:35:00,20,checkout
490,07:35:00,21,drinks
491,07:35:00,22,drinks
492,07:35:00,23,fruit
493,07:35:00,24,fruit
494,07:35:00,25,spices
495,07:35:00,26,dairy
496,07:36:00,0,checkout
497,07:36:00,1,checkout
498,07:36:00,2,checkout
499,07:36:00,3,checkout
500,07:36:00,4,checkout
501,07:36:00,5,checkout
502,07:36:00,6,checkout
503,07:36:00,7,checkout
504,07:36:00,8,checkout
505,07:36:00,9,checkout
506,07:36:00,10,checkout
507,07:36:00,11,checkout
508,07:36:00,12,checkout
509,07:36:00,13,checkout
510,07:36:00,14,checkout
511,07:36:00,15,checkout
512,07:36:00,16,checkout
513,07:36:00,17,checkout
514,07:36:00,18,checkout
515,07:36:00,19,dairy
516,07:36:00,20,checkout
517,07:36:00,21,drinks
518,07:36:00,22,drinks
519,07:36:00,23,spices
520,07:36:00,24,dairy
521,07:36:00,25,dairy
522,07:36:00,26,dairy
523,07:36:00,27,entrance
524,07:36:00,28,entrance
525,07:37:00,0,checkout
526,07:37:00,1,checkout
527,07:37:00,2,checkout
528,07:37:00,3,checkout
529,07:37:00,4,checkout
530,07:37:00,5,checkout
531,07:37:00,6,checkout
532,07:37:00,7,checkout
533,07:37:00,8,checkout
534,07:37:00,9,checkout
535,07:37:00,10,checkout
536,07:37:00,11,checkout
537,07:37:00,12,checkout
538,07:37:00,13,checkout
539,07:37:00,14,checkout
540,07:37:00,15,checkout
541,07:37:00,16,checkout
542,07:37:00,17,checkout
543,07:37:00,18,checkout
544,07:37:00,19,dairy
545,07:37:00,20,checkout
546,07:37:00,21,checkout
547,07:37:00,22,drinks
548,07:37:00,23,dairy
549,07:37:00,24,checkout
550,07:37:00,25,checkout
551,07:37:00,26,dairy
552,07:37:00,27,fruit
553,07:37:00,28,dairy
554,07:38:00,0,checkout
555,07:38:00,1,checkout
556,07:38:00,2,checkout
557,07:38:00,3,checkout
558,07:38:00,4,checkout
559,07:38:00,5,checkout
560,07:38:00,6,checkout
561,07:38:00,7,checkout
562,07:38:00,8,checkout
563,07:38:00,9,checkout
564,07:38:00,10,checkout
565,07:38:00,11,checkout
566,07:38:00,12,checkout
567,07:38:00,13,checkout
568,07:38:00,14,checkout
569,07:38:00,15,checkout
570,07:38:00,16,checkout
571,07:38:00,17,checkout
572,07:38:00,18,checkout
573,07:38:00,19,dairy
574,07:38:00,20,checkout
575,07:38:00,21,checkout
576,07:38:00,22,drinks
577,07:38:00,23,fruit
578,07:38:00,24,checkout
579,07:38:00,25,checkout
580,07:38:00,26,dairy
581,07:38:00,27,fruit
582,07:38:00,28,fruit
583,07:39:00,0,checkout
584,07:39:00,1,checkout
585,07:39:00,2,checkout
586,07:39:00,3,checkout
587,07:39:00,4,checkout
588,07:39:00,5,checkout
589,07:39:00,6,checkout
590,07:39:00,7,checkout
591,07:39:00,8,checkout
592,07:39:00,9,checkout
593,07:39:00,10,checkout
594,07:39:00,11,checkout
595,07:39:00,12,checkout
596,07:39:00,13,checkout
597,07:39:00,14,checkout
598,07:39:00,15,checkout
599,07:39:00,16,checkout
600,07:39:00,17,checkout
601,07:39:00,18,checkout
602,07:39:00,19,dairy
603,07:39:00,20,checkout
604,07:39:00,21,checkout
605,07:39:00,22,drinks
606,07:39:00,23,fruit
607,07:39:00,24,checkout
608,07:39:00,25,checkout
609,07:39:00,26,dairy
610,07:39:00,27,fruit
611,07:39:00,28,fruit
612,07:39:00,29,entrance
613,07:39:00,30,entrance
614,07:40:00,0,checkout
615,07:40:00,1,checkout
616,07:40:00,2,checkout
617,07:40:00,3,checkout
618,07:40:00,4,checkout
619,07:40:00,5,checkout
620,07:40:00,6,checkout
621,07:40:00,7,checkout
622,07:40:00,8,checkout
623,07:40:00,9,checkout
624,07:40:00,10,checkout
625,07:40:00,11,checkout
626,07:40:00,12,checkout
627,07:40:00,13,checkout
628,07:40:00,14,checkout
629,07:40:00,15,checkout
630,07:40:00,16,checkout
631,07:40:00,17,checkout
632,07:40:00,18,checkout
633,07:40:00,19,dairy
634,07:40:00,20,checkout
635,07:40:00,21,checkout
636,07:40:00,22,drinks
637,07:40:00,23,checkout
638,07:40:00,24,checkout
639,07:40:00,25,checkout
640,07:40:00,26,dairy
641,07:40:00,27,fruit
642,07:40:00,28,dairy
643,07:40:00,29,spices
644,07:40:00,30,spices
645,07:40:00,31,entrance
646,07:41:00,0,checkout
647,07:41:00,1,checkout
648,07:41:00,2,checkout
649,07:41:00,3,checkout
650,07:41:00,4,checkout
651,07:41:00,5,checkout
652,07:41:00,6,checkout
653,07:41:00,7,checkout
654,07:41:00,8,checkout
655,07:41:00,9,checkout
656,07:41:00,10,checkout
657,07:41:00,11,checkout
658,07:41:00,12,checkout
659,07:41:00,13,checkout
660,07:41:00,14,checkout
661,07:41:00,15,checkout
662,07:41:00,16,checkout
663,07:41:00,17,checkout
664,07:41:00,18,checkout
665,07:41:00,19,dairy
666,07:41:00,20,checkout
667,07:41:00,21,checkout
668,07:41:00,22,drinks
669,07:41:00,23,checkout
670,07:41:00,24,checkout
671,07:41:00,25,checkout
672,07:41:00,26,dairy
673,07:41:00,27,checkout
674,07:41:00,28,dairy
675,07:41:00,29,checkout
676,07:41:00,30,dairy
677,07:41:00,31,fruit
678,07:41:00,32,entrance
679,07:41:00,33,entrance
680,07:42:00,0,checkout
681,07:42:00,1,checkout
682,07:42:00,2,checkout
683,07:42:00,3,checkout
684,07:42:00,4,checkout
685,07:42:00,5,checkout
686,07:42:00,6,checkout
687,07:42:00,7,checkout
688,07:42:00,8,checkout
689,07:42:00,9,checkout
690,07:42:00,10,checkout
691,07:42:00,11,checkout
692,07:42:00,12,checkout
693,07:42:00,13,checkout
694,07:42:00,14,checkout
695,07:42:00,15,checkout
696,07:42:00,16,checkout
697,07:42:00,17,checkout
698,07:42:00,18,checkout
699,07:42:00,19,dairy
700,07:42:00,20,checkout
701,07:42:00,21,checkout
702,07:42:00,22,drinks
703,07:42:00,23,checkout
704,07:42:00,24,checkout
705,07:42:00,25,checkout
706,07:42:00,26,dairy
707,07:42:00,27,checkout
708,07:42:00,28,dairy
709,07:42:00,29,checkout
710,07:42:00,30,dairy
711,07:42:00,31,fruit
712,07:42:00,32,dairy
713,07:42:00,33,dairy
714,07:43:00,0,checkout
715,07:43:00,1,checkout
716,07:43:00,2,checkout
717,07:43:00,3,checkout
718,07:43:00,4,checkout
719,07:43:00,5,checkout
720,07:43:00,6,checkout
721,07:43:00,7,checkout
722,07:43:00,8,checkout
723,07:43:00,9,checkout
724,07:43:00,10,checkout
725,07:43:00,11,checkout
726,07:43:00,12,checkout
727,07:43:00,13,checkout
728,07:43:00,14,checkout
729,07:43:00,15,checkout
730,07:43:00,16,checkout
731,07:43:00,17,checkout
732,07:43:00,18,checkout
733,07:43:00,19,dairy
734,07:43:00,20,checkout
735,07:43:00,21,checkout
736,07:43:00,22,spices
737,07:43:00,23,checkout
738,07:43:00,24,checkout
739,07:43:00,25,checkout
740,07:43:00,26,spices
741,07:43:00,27,checkout
742,07:43:00,28,fruit
743,07:43:00,29,checkout
744,07:43:00,30,dairy
745,07:43:00,31,fruit
746,07:43:00,32,dairy
747,07:43:00,33,spices
748,07:43:00,34,entrance
749,07:43:00,35,entrance
750,07:44:00,0,checkout
751,07:44:00,1,checkout
752,07:44:00,2,checkout
753,07:44:00,3,checkout
754,07:44:00,4,checkout
755,07:44:00,5,checkout
756,07:44:00,6,checkout
757,07:44:00,7,checkout
758,07:44:00,8,checkout
759,07:44:00,9,checkout
760,07:44:00,10,checkout
761,07:44:00,11,checkout
762,07:44:00,12,checkout
763,07:44:00,13,checkout
764,07:44:00,14,checkout
765,07:44:00,15,checkout
766,07:44:00,16,checkout
767,07:44:00,17,checkout
768,07:44:00,18,checkout
769,07:44:00,19,dairy
770,07:44:00,20,checkout
771,07:44:00,21,checkout
772,07:44:00,22,checkout
773,07:44:00,23,checkout
774,07:44:00,24,checkout
775,07:44:00,25,checkout
776,07:44:00,26,dairy
777,07:44:00,27,checkout
778,07:44:00,28,checkout
779,07:44:00,29,checkout
780,07:44:00,30,spices
781,07:44:00,31,dairy
782,07:44:00,32,dairy
783,07:44:00,33,spices
784,07:44:00,34,spices
785,07:44:00,35,dairy
786,07:44:00,36,entrance
787,07:44:00,37,entrance
788,07:44:00,38,entrance
789,07:45:00,0,checkout
790,07:45:00,1,checkout
791,07:45:00,2,checkout
792,07:45:00,3,checkout
793,07:45:00,4,checkout
794,07:45:00,5,checkout
795,07:45:00,6,checkout
796,07:45:00,7,checkout
797,07:45:00,8,checkout
798,07:45:00,9,checkout
799,07:45:00,10,checkout
800,07:45:00,11,checkout
801,07:45:00,12,checkout
802,07:45:00,13,checkout
803,07:45:00,14,checkout
804,07:45:00,15,checkout
805,07:45:00,16,checkout
806,07:45:00,17,checkout
807,07:45:00,18,checkout
808,07:45:00,19,dairy
809,07:45:00,20,checkout
810,07:45:00,21,checkout
811,07:45:00,22,checkout
812,07:45:00,23,checkout
813,07:45:00,24,checkout
814,07:45:00,25,checkout
815,07:45:00,26,dairy
816,07:45:00,27,checkout
817,07:45:00,28,checkout
818,07:45:00,29,checkout
819,07:45:00,30,spices
820,07:45:00,31,drinks
821,07:45:00,32,checkout
822,07:45:00,33,spices
823,07:45:00,34,checkout
824,07:45:00,35,dairy
825,07:45:00,36,dairy
826,07:45:00,37,spices
827,07:45:00,38,spices
828,07:45:00,39,entrance
829,07:46:00,0,checkout
830,07:46:00,1,checkout
831,07:46:00,2,checkout
832,07:46:00,3,checkout
833,07:46:00,4,checkout
834,07:46:00,5,checkout
835,07:46:00,6,checkout
836,07:46:00,7,checkout
837,07:46:00,8,checkout
838,07:46:00,9,checkout
839,07:46:00,10,checkout
840,07:46:00,11,checkout
841,07:46:00,12,checkout
842,07:46:00,13,checkout
843,07:46:00,14,checkout
844,07:46:00,15,checkout
845,07:46:00,16,checkout
846,07:46:00,17,checkout
847,07:46:00,18,checkout
848,07:46:00,19,dairy
849,07:46:00,20,checkout
850,07:46:00,21,checkout
851,07:46:00,22,checkout
852,07:46:00,23,checkout
853,07:46:00,24,checkout
854,07:46:00,25,checkout
855,07:46:00,26,dairy
856,07:46:00,27,checkout
857,07:46:00,28,checkout
858,07:46:00,29,checkout
859,07:46:00,30,spices
860,07:46:00,31,drinks
861,07:46:00,32,checkout
862,07:46:00,33,spices
863,07:46:00,34,checkout
864,07:46:00,35,checkout
865,07:46:00,36,dairy
866,07:46:00,37,spices
867,07:46:00,38,checkout
868,07:46:00,39,dairy
869,07:47:00,0,checkout
870,07:47:00,1,checkout
871,07:47:00,2,checkout
872,07:47:00,3,checkout
873,07:47:00,4,checkout
874,07:47:00,5,checkout
875,07:47:00,6,checkout
876,07:47:00,7,checkout
877,07:47:00,8,checkout
878,07:47:00,9,checkout
879,07:47:00,10,checkout
880,07:47:00,11,checkout
881,07:47:00,12,checkout
882,07:47:00,13,checkout
883,07:47:00,14,checkout
884,07:47:00,15,checkout
885,07:47:00,16,checkout
886,07:47:00,17,checkout
887,07:47:00,18,checkout
888,07:47:00,19,dairy
889,07:47:00,20,checkout
890,07:47:00,21,checkout
891,07:47:00,22,checkout
892,07:47:00,23,checkout
893,07:47:00,24,checkout
894,07:47:00,25,checkout
895,07:47:00,26,dairy
896,07:47:00,27,checkout
897,07:47:00,28,checkout
898,07:47:00,29,checkout
899,07:47:00,30,drinks
900,07:47:00,31,drinks
901,07:47:00,32,checkout
902,07:47:00,33,spices
903,07:47:00,34,checkout
904,07:47:00,35,checkout
905,07:47:00,36,dairy
906,07:47:00,37,spices
907,07:47:00,38,checkout
908,07:47:00,39,dairy
909,07:47:00,40,entrance
910,07:48:00,0,checkout
911,07:48:00,1,checkout
912,07:48:00,2,checkout
913,07:48:00,3,checkout
914,07:48:00,4,checkout
915,07:48:00,5,checkout
916,07:48:00,6,checkout
917,07:48:00,7,checkout
918,07:48:00,8,checkout
919,07:48:00,9,checkout
920,07:48:00,10,checkout
921,07:48:00,11,checkout
922,07:48:00,12,checkout
923,07:48:00,13,checkout
924,07:48:00,14,checkout
925,07:48:00,15,checkout
926,07:48:00,16,checkout
927,07:48:00,17,checkout
928,07:48:00,18,checkout
929,07:48:00,19,dairy
930,07:48:00,20,checkout
931,07:48:00,21,checkout
932,07:48:00,22,checkout
933,07:48:00,23,checkout
934,07:48:00,24,checkout
935,07:48:00,25,checkout
936,07:48:00,26,drinks
937,07:48:00,27,checkout
938,07:48:00,28,checkout
939,07:48:00,29,checkout
940,07:48:00,30,checkout
941,07:48:00,31,checkout
942,07:48:00,32,checkout
943,07:48:00,33,drinks
944,07:48:00,34,checkout
945,07:48:00,35,checkout
946,07:48:00,36,checkout
947,07:48:00,37,spices
948,07:48:00,38,checkout
949,07:48:00,39,dairy
950,07:48:00,40,fruit
951,07:49:00,0,checkout
952,07:49:00,1,checkout
953,07:49:00,2,checkout
954,07:49:00,3,checkout
955,07:49:00,4,checkout
956,07:49:00,5,checkout
957,07:49:00,6,checkout
958,07:49:00,7,checkout
959,07:49:00,8,checkout
960,07:49:00,9,checkout
961,07:49:00,10,checkout
962,07:49:00,11,checkout
963,07:49:00,12,checkout
964,07:49:00,13,checkout
965,07:49:00,14,checkout
966,07:49:00,15,checkout
967,07:49:00,16,checkout
968,07:49:00,17,checkout
969,07:49:00,18,checkout
970,07:49:00,19,drinks
971,07:49:00,20,checkout
972,07:49:00,21,checkout
973,07:49:00,22,checkout
974,07:49:00,23,checkout
975,07:49:00,24,checkout
976,07:49:00,25,checkout
977,07:49:00,26,spices
978,07:49:00,27,checkout
979,07:49:00,28,checkout
980,07:49:00,29,checkout
981,07:49:00,30,checkout
982,07:49:00,31,checkout
983,07:49:00,32,checkout
984,07:49:00,33,drinks
985,07:49:00,34,checkout
986,07:49:00,35,checkout
987,07:49:00,36,checkout
988,07:49:00,37,fruit
989,07:49:00,38,checkout
990,07:49:00,39,dairy
991,07:49:00,40,checkout
992,07:49:00,41,entrance
993,07:49:00,42,entrance
994,07:50:00,0,checkout
995,07:50:00,1,checkout
996,07:50:00,2,checkout
997,07:50:00,3,checkout
998,07:50:00,4,checkout
999,07:50:00,5,checkout
1000,07:50:00,6,checkout
1001,07:50:00,7,checkout
1002,07:50:00,8,checkout
1003,07:50:00,9,checkout
1004,07:50:00,10,checkout
1005,07:50:00,11,checkout
1006,07:50:00,12,checkout
1007,07:50:00,13,checkout
1008,07:50:00,14,checkout
1009,07:50:00,15,checkout
1010,07:50:00,16,checkout
1011,07:50:00,17,checkout
1012,07:50:00,18,checkout
1013,07:50:00,19,drinks
1014,07:50:00,20,checkout
1015,07:50:00,21,checkout
1016,07:50:00,22,checkout
1017,07:50:00,23,checkout
1018,07:50:00,24,checkout
1019,07:50:00,25,checkout
1020,07:50:00,26,checkout
1021,07:50:00,27,checkout
1022,07:50:00,28,checkout
1023,07:50:00,29,checkout
1024,07:50:00,30,checkout
1025,07:50:00,31,checkout
1026,07:50:00,32,checkout
1027,07:50:00,33,checkout
1028,07:50:00,34,checkout
1029,07:50:00,35,checkout
1030,07:50:00,36,checkout
1031,07:50:00,37,fruit
1032,07:50:00,38,checkout
1033,07:50:00,39,dairy
1034,07:50:00,40,checkout
1035,07:50:00,41,fruit
1036,07:50:00,42,dairy
1037,07:50:00,43,entrance
1038,07:50:00,44,entrance
1039,07:51:00,0,checkout
1040,07:51:00,1,checkout
1041,07:51:00,2,checkout
1042,07:51:00,3,checkout
1043,07:51:00,4,checkout
1044,07:51:00,5,checkout
1045,07:51:00,6,checkout
1046,07:51:00,7,checkout
1047,07:51:00,8,checkout
1048,07:51:00,9,checkout
1049,07:51:00,10,checkout
1050,07:51:00,11,checkout
1051,07:51:00,12,checkout
1052,07:51:00,13,checkout
1053,07:51:00,14,checkout
1054,07:51:00,15,checkout
1055,07:51:00,16,checkout
1056,07:51:00,17,checkout
1057,07:51:00,18,checkout
1058,07:51:00,19,drinks
1059,07:51:00,20,checkout
1060,07:51:00,21,checkout
1061,07:51:00,22,checkout
1062,07:51:00,23,checkout
1063,07:51:00,24,checkout
1064,07:51:00,25,checkout
1065,07:51:00,26,checkout
1066,07:51:00,27,checkout
1067,07:51:00,28,checkout
1068,07:51:00,29,checkout
1069,07:51:00,30,checkout
1070,07:51:00,31,checkout
1071,07:51:00,32,checkout
1072,07:51:00,33,checkout
1073,07:51:00,34,checkout
1074,07:51:00,35,checkout
1075,07:51:00,36,checkout
1076,07:51:00,37,checkout
1077,07:51:00,38,checkout
1078,07:51:00,39,dairy
1079,07:51:00,40,checkout
1080,07:51:00,41,checkout
1081,07:51:00,42,dairy
1082,07:51:00,43,fruit
1083,07:51:00,44,fruit
1084,07:52:00,0,checkout
1085,07:52:00,1,checkout
1086,07:52:00,2,checkout
1087,07:52:00,3,checkout
1088,07:52:00,4,checkout
1089,07:52:00,5,checkout
1090,07:52:00,6,checkout
1091,07:52:00,7,checkout
1092,07:52:00,8,checkout
1093,07:52:00,9,checkout
1094,07:52:00,10,checkout
1095,07:52:00,11,checkout
1096,07:52:00,12,checkout
1097,07:52:00,13,checkout
1098,07:52:00,14,checkout
1099,07:52:00,15,checkout
1100,07:52:00,16,checkout
1101,07:52:00,17,checkout
1102,07:52:00,18,checkout
1103,07:52:00,19,drinks
1104,07:52:00,20,checkout
1105,07:52:00,21,checkout
1106,07:52:00,22,checkout
1107,07:52:00,23,checkout
1108,07:52:00,24,checkout
1109,07:52:00,25,checkout
1110,07:52:00,26,checkout
1111,07:52:00,27,checkout
1112,07:52:00,28,checkout
1113,07:52:00,29,checkout
1114,07:52:00,30,checkout
1115,07:52:00,31,checkout
1116,07:52:00,32,checkout
1117,07:52:00,33,checkout
1118,07:52:00,34,checkout
1119,07:52:00,35,checkout
1120,07:52:00,36,checkout
1121,07:52:00,37,checkout
1122,07:52:00,38,checkout
1123,07:52:00,39,dairy
1124,07:52:00,40,checkout
1125,07:52:00,41,checkout
1126,07:52:00,42,dairy
1127,07:52:00,43,checkout
1128,07:52:00,44,fruit
1129,07:53:00,0,checkout
1130,07:53:00,1,checkout
1131,07:53:00,2,checkout
1132,07:53:00,3,checkout
1133,07:53:00,4,checkout
1134,07:53:00,5,checkout
1135,07:53:00,6,checkout
1136,07:53:00,7,checkout
1137,07:53:00,8,checkout
1138,07:53:00,9,checkout
1139,07:53:00,10,checkout
1140,07:53:00,11,checkout
1141,07:53:00,12,checkout
1142,07:53:00,13,checkout
1143,07:53:00,14,checkout
1144,07:53:00,15,checkout
1145,07:53:00,16,checkout
1146,07:53:00,17,checkout
1147,07:53:00,18,checkout
1148,07:53:00,19,drinks
1149,07:53:00,20,checkout
1150,07:53:00,21,checkout
1151,07:53:00,22,checkout
1152,07:53:00,23,checkout
1153,07:53:00,24,checkout
1154,07:53:00,25,checkout
1155,07:53:00,26,checkout
1156,07:53:00,27,checkout
1157,07:53:00,28,checkout
1158,07:53:00,29,checkout
1159,07:53:00,30,checkout
1160,07:53:00,31,checkout
1161,07:53:00,32,checkout
1162,07:53:00,33,checkout
1163,07:53:00,34,checkout
1164,07:53:00,35,checkout
1165,07:53:00,36,checkout
1166,07:53:00,37,checkout
1167,07:53:00,38,checkout
1168,07:53:00,39,fruit
1169,07:53:00,40,checkout
1170,07:53:00,41,checkout
1171,07:53:00,42,dairy
1172,07:53:00,43,checkout
1173,07:53:00,44,checkout
1174,07:53:00,45,entrance
1175,07:54:00,0,checkout
1176,07:54:00,1,checkout
1177,07:54:00,2,checkout
1178,07:54:00,3,checkout
1179,07:54:00,4,checkout
1180,07:54:00,5,checkout
1181,07:54:00,6,checkout
1182,07:54:00,7,checkout
1183,07:54:00,8,checkout
1184,07:54:00,9,checkout
1185,07:54:00,10,checkout
1186,07:54:00,11,checkout
1187,07:54:00,12,checkout
1188,07:54:00,13,checkout
1189,07:54:00,14,checkout
1190,07:54:00,15,checkout
1191,07:54:00,16,checkout
1192,07:54:00,17,checkout
1193,07:54:00,18,checkout
1194,07:54:00,19,drinks
1195,07:54:00,20,checkout
1196,07:54:00,21,checkout
1197,07:54:00,22,checkout
1198,07:54:00,23,checkout
1199,07:54:00,24,checkout
1200,07:54:00,25,checkout
1201,07:54:00,26,checkout
1202,07:54:00,27,checkout
1203,07:54:00,28,checkout
1204,07:54:00,29,checkout
1205,07:54:00,30,checkout
1206,07:54:00,31,checkout
1207,07:54:00,32,checkout
1208,07:54:00,33,checkout
1209,07:54:00,34,checkout
1210,07:54:00,35,checkout
1211,07:54:00,36,checkout
1212,07:54:00,37,checkout
1213,07:54:00,38,checkout
1214,07:54:00,39,checkout
1215,07:54:00,40,checkout
1216,07:54:00,41,checkout
1217,07:54:00,42,dairy
1218,07:54:00,43,checkout
1219,07:54:00,44,checkout
1220,07:54:00,45,dairy
1221,07:54:00,46,entrance
1222,07:55:00,0,checkout
1223,07:55:00,1,checkout
1224,07:55:00,2,checkout
1225,07:55:00,3,checkout
1226,07:55:00,4,checkout
1227,07:55:00,5,checkout
1228,07:55:00,6,checkout
1229,07:55:00,7,checkout
1230,07:55:00,8,checkout
1231,07:55:00,9,checkout
1232,07:55:00,10,checkout
1233,07:55:00,11,checkout
1234,07:55:00,12,checkout
1235,07:55:00,13,checkout
1236,07:55:00,14,checkout
1237,07:55:00,15,checkout
1238,07:55:00,16,checkout
1239,07:55:00,17,checkout
1240,07:55:00,18,checkout
1241,07:55:00,19,drinks
1242,07:55:00,20,checkout
1243,07:55:00,21,checkout
1244,07:55:00,22,checkout
1245,07:55:00,23,checkout
1246,07:55:00,24,checkout
1247,07:55:00,25,checkout
1248,07:55:00,26,checkout
1249,07:55:00,27,checkout
1250,07:55:00,28,checkout
1251,07:55:00,29,checkout
1252,07:55:00,30,checkout
1253,07:55:00,31,checkout
1254,07:55:00,32,checkout
1255,07:55:00,33,checkout
1256,07:55:00,34,checkout
1257,07:55:00,35,checkout
1258,07:55:00,36,checkout
1259,07:55:00,37,checkout
1260,07:55:00,38,checkout
1261,07:55:00,39,checkout
1262,07:55:00,40,checkout
1263,07:55:00,41,checkout
1264,07:55:00,42,dairy
1265,07:55:00,43,checkout
1266,07:55:00,44,checkout
1267,07:55:00,45,dairy
1268,07:55:00,46,fruit
1269,07:55:00,47,entrance
1270,07:56:00,0,checkout
1271,07:56:00,1,checkout
1272,07:56:00,2,checkout
1273,07:56:00,3,checkout
1274,07:56:00,4,checkout
1275,07:56:00,5,checkout
1276,07:56:00,6,checkout
1277,07:56:00,7,checkout
1278,07:56:00,8,checkout
1279,07:56:00,9,checkout
1280,07:56:00,10,checkout
1281,07:56:00,11,checkout
1282,07:56:00,12,checkout
1283,07:56:00,13,checkout
1284,07:56:00,14,checkout
1285,07:56:00,15,checkout
1286,07:56:00,16,checkout
1287,07:56:00,17,checkout
1288,07:56:00,18,checkout
1289,07:56:00,19,drinks
1290,07:56:00,20,checkout
1291,07:56:00,21,checkout
1292,07:56:00,22,checkout
1293,07:56:00,23,checkout
1294,07:56:00,24,checkout
1295,07:56:00,25,checkout
1296,07:56:00,26,checkout
1297,07:56:00,27,checkout
1298,07:56:00,28,checkout
1299,07:56:00,29,checkout
1300,07:56:00,30,checkout
1301,07:56:00,31,checkout
1302,07:56:00,32,checkout
1303,07:56:00,33,checkout
1304,07:56:00,34,checkout
1305,07:56:00,35,checkout
1306,07:56:00,36,checkout
1307,07:56:00,37,checkout
1308,07:56:00,38,checkout
1309,07:56:00,39,checkout
1310,07:56:00,40,checkout
1311,07:56:00,41,checkout
1312,07:56:00,42,dairy
1313,07:56:00,43,checkout
1314,07:56:00,44,checkout
1315,07:56:00,45,dairy
1316,07:56:00,46,checkout
1317,07:56:00,47,dairy
1318,07:57:00,0,checkout
1319,07:57:00,1,checkout
1320,07:57:00,2,checkout
1321,07:57:00,3,checkout
1322,07:57:00,4,checkout
1323,07:57:00,5,checkout
1324,07:57:00,6,checkout
1325,07:57:00,7,checkout
1326,07:57:00,8,checkout
1327,07:57:00,9,checkout
1328,07:57:00,10,checkout
1329,07:57:00,11,checkout
1330,07:57:00,12,checkout
1331,07:57:00,13,checkout
1332,07:57:00,14,checkout
1333,07:57:00,15,checkout
1334,07:57:00,16,checkout
1335,07:57:00,17,checkout
1336,07:57:00,18,checkout
1337,07:57:00,19,drinks
1338,07:57:00,20,checkout
1339,07:57:00,21,checkout
1340,07:57:00,22,checkout
1341,07:57:00,23,checkout
1342,07:57:00,24,checkout
1343,07:57:00,25,checkout
1344,07:57:00,26,checkout
1345,07:57:00,27,checkout
1346,07:57:00,28,checkout
1347,07:57:00,29,checkout
1348,07:57:00,30,checkout
1349,07:57:00,31,checkout
1350,07:57:00,32,checkout
1351,07:57:00,33,checkout
1352,07:57:00,34,checkout
1353,07:57:00,35,checkout
1354,07:57:00,36,checkout
1355,07:57:00,37,checkout
1356,07:57:00,38,checkout
1357,07:57:00,39,checkout
1358,07:57:00,40,checkout
1359,07:57:00,41,checkout
1360,07:57:00,42,dairy
1361,07:57:00,43,checkout
1362,07:57:00,44,checkout
1363,07:57:00,45,dairy
1364,07:57:00,46,checkout
1365,07:57:00,47,dairy
1366,07:57:00,48,entrance
1367,07:57:00,49,entrance
1368,07:58:00,0,checkout
1369,07:58:00,1,checkout
1370,07:58:00,2,checkout
1371,07:58:00,3,checkout
1372,07:58:00,4,checkout
1373,07:58:00,5,checkout
1374,07:58:00,6,checkout
1375,07:58:00,7,checkout
1376,07:58:00,8,checkout
1377,07:58:00,9,checkout
1378,07:58:00,10,checkout
1379,07:58:00,11,checkout
1380,07:58:00,12,checkout
1381,07:58:00,13,checkout
1382,07:58:00,14,checkout
1383,07:58:00,15,checkout
1384,07:58:00,16,checkout
1385,07:58:00,17,checkout
1386,07:58:00,18,checkout
1387,07:58:00,19,drinks
1388,07:58:00,20,checkout
1389,07:58:00,21,checkout
1390,07:58:00,22,checkout
1391,07:58:00,23,checkout
1392,07:58:00,24,checkout
1393,07:58:00,25,checkout
1394,07:58:00,26,checkout
1395,07:58:00,27,checkout
1396,07:58:00,28,checkout
1397,07:58:00,29,checkout
1398,07:58:00,30,checkout
1399,07:58:00,31,checkout
1400,07:58:00,32,checkout
1401,07:58:00,33,checkout
1402,07:58:00,34,checkout
1403,07:58:00,35,checkout
1404,07:58:00,36,checkout
1405,07:58:00,37,checkout
1406,07:58:00,38,checkout
1407,07:58:00,39,checkout
1408,07:58:00,40,checkout
1409,07:58:00,41,checkout
1410,07:58:00,42,dairy
1411,07:58:00,43,checkout
1412,07:58:00,44,checkout
1413,07:58:00,45,dairy
1414,07:58:00,46,checkout
1415,07:58:00,47,dairy
1416,07:58:00,48,dairy
1417,07:58:00,49,drinks
1418,07:58:00,50,entrance
1419,07:58:00,51,entrance
1420,07:59:00,0,checkout
1421,07:59:00,1,checkout
1422,07:59:00,2,checkout
1423,07:59:00,3,checkout
1424,07:59:00,4,checkout
1425,07:59:00,5,checkout
1426,07:59:00,6,checkout
1427,07:59:00,7,checkout
1428,07:59:00,8,checkout
1429,07:59:00,9,checkout
1430,07:59:00,10,checkout
1431,07:59:00,11,checkout
1432,07:59:00,12,checkout
1433,07:59:00,13,checkout
1434,07:59:00,14,checkout
1435,07:59:00,15,checkout
1436,07:59:00,16,checkout
1437,07:59:00,17,checkout
1438,07:59:00,18,checkout
1439,07:59:00,19,drinks
1440,07:59:00,20,checkout
1441,07:59:00,21,checkout
1442,07:59:00,22,checkout
1443,07:59:00,23,checkout
1444,07:59:00,24,checkout
1445,07:59:00,25,checkout
1446,07:59:00,26,checkout
1447,07:59:00,27,checkout
1448,07:59:00,28,checkout
1449,07:59:00,29,checkout
1450,07:59:00,30,checkout
1451,07:59:00,31,checkout
1452,07:59:00,32,checkout
1453,07:59:00,33,checkout
1454,07:59:00,34,checkout
1455,07:59:00,35,checkout
1456,07:59:00,36,checkout
1457,07:59:00,37,checkout
1458,07:59:00,38,checkout
1459,07:59:00,39,checkout
1460,07:59:00,40,checkout
1461,07:59:00,41,checkout
1462,07:59:00,42,dairy
1463,07:59:00,43,checkout
1464,07:59:00,44,checkout
1465,07:59:00,45,dairy
1466,07:59:00,46,checkout
1467,07:59:00,47,dairy
1468,07:59:00,48,dairy
1469,07:59:00,49,spices
1470,07:59:00,50,fruit
1471,07:59:00,51,drinks
1472,07:59:00,52,entrance
1473,08:00:00,0,checkout
1474,08:00:00,1,checkout
1475,08:00:00,2,checkout
1476,08:00:00,3,checkout
1477,08:00:00,4,checkout
1478,08:00:00,5,checkout
1479,08:00:00,6,checkout
1480,08:00:00,7,checkout
1481,08:00:00,8,checkout
1482,08:00:00,9,checkout
1483,08:00:00,10,checkout
1484,08:00:00,11,checkout
1485,08:00:00,12,checkout
1486,08:00:00,13,checkout
1487,08:00:00,14,checkout
1488,08:00:00,15,checkout
1489,08:00:00,16,checkout
1490,08:00:00,17,checkout
1491,08:00:00,18,checkout
1492,08:00:00,19,drinks
1493,08:00:00,20,checkout
1494,08:00:00,21,checkout
1495,08:00:00,22,checkout
1496,08:00:00,23,checkout
1497,08:00:00,24,checkout
1498,08:00:00,25,checkout
1499,08:00:00,26,checkout
1500,08:00:00,27,checkout
1501,08:00:00,28,checkout
1502,08:00:00,29,checkout
1503,08:00:00,30,checkout
1504,08:00:00,31,checkout
1505,08:00:00,32,checkout
1506,08:00:00,33,checkout
1507,08:00:00,34,checkout
1508,08:00:00,35,checkout
1509,08:00:00,36,checkout
1510,08:00:00,37,checkout
1511,08:00:00,38,checkout
1512,08:00:00,39,checkout
1513,08:00:00,40,checkout
1514,08:00:00,41,checkout
1515,08:00:00,42,dairy
1516,08:00:00,43,checkout
1517,08:00:00,44,checkout
1518,08:00:00,45,fruit
1519,08:00:00,46,checkout
1520,08:00:00,47,dairy
1521,08:00:00,48,dairy
1522,08:00:00,49,spices
1523,08:00:00,50,checkout
1524,08:00:00,51,drinks
1525,08:00:00,52,fruit
1526,08:00:00,53,entrance
1527,08:00:00,54,entrance
1528,08:00:00,55,entrance
